state,area,female_school_attendance_pct,population_below_15_pct,electricity_access_pct,improved_water_source_pct,improved_sanitation_pct,clean_cooking_fuel_pct,health_insurance_coverage_pct,women_literacy_pct,men_literacy_pct,women_10_plus_years_schooling_pct,men_10_plus_years_schooling_pct,women_internet_use_pct,men_internet_use_pct,children_overweight_pct,women_underweight_pct,men_underweight_pct,women_overweight_obese_pct,men_overweight_obese_pct,women_high_blood_sugar_pct,men_high_blood_sugar_pct,women_high_blood_pressure_pct,men_high_blood_pressure_pct,women_tobacco_use_pct,men_tobacco_use_pct,women_alcohol_use_pct,men_alcohol_use_pct
Andaman & Nicobar Islands,Urban,86.46,22.67,99.47,98.03,87.95,95.63,1.44,86.55,89.27,59.71,59.41,44.13,54.57,5.69,11.32,7.77,41.72,37.04,19.64,19.44,23.43,28.17,14.95,44.71,0.69,33.83
Andaman & Nicobar Islands,Rural,81.75,19.69,96.46,95.31,87.98,71.01,1.61,85.58,94.65,47.57,47.65,27.87,41.11,5.16,8.19,1.57,35.71,50.58,16.19,17.12,26.4,31.24,41.06,66.39,7.6,41.94
Andaman & Nicobar Islands,Total,83.52,20.79,97.58,96.32,87.97,79.77,1.55,85.97,92.53,52.47,52.28,34.79,46.51,5.42,9.44,3.99,38.11,45.3,17.47,17.93,25.29,30.16,31.26,58.71,5.01,39.07
Andhra Pradesh,Urban,75.47,21.33,99.56,99.43,89.1,96.57,62.16,79.01,86.4,51.2,59.54,33.93,65.1,2.95,11.91,14.96,44.37,37.74,23.24,24.88,27.54,32.16,1.91,15.76,0.33,20.45
Andhra Pradesh,Rural,61.21,22.57,99.4,95.44,72.09,77.91,73.73,63.84,76.28,34.28,42.54,15.35,41.47,2.56,16.15,17.19,32.57,27.99,17.9,20.49,24.28,27.64,4.68,25.6,0.55,24.53
Andhra Pradesh,Total,65.57,22.19,99.45,96.65,77.26,83.62,70.19,68.64,79.48,39.63,47.91,20.97,48.79,2.67,14.83,16.48,36.25,31.08,19.5,21.81,25.26,29.0,3.83,22.56,0.48,23.27
Arunachal Pradesh,Urban,83.23,26.17,99.5,98.13,79.87,90.15,33.6,84.65,92.13,55.39,64.12,70.0,86.93,9.55,5.62,6.43,28.91,32.44,9.56,12.03,25.31,33.19,14.01,44.45,14.85,44.29
Arunachal Pradesh,Rural,69.02,27.2,93.97,92.93,83.41,46.25,28.5,71.63,85.6,36.19,44.97,49.61,68.48,9.67,5.71,4.56,22.87,26.6,8.19,11.85,24.81,33.05,19.67,51.4,25.86,54.26
Arunachal Pradesh,Total,71.16,27.05,94.8,93.71,82.88,53.19,29.31,73.78,86.69,39.36,48.18,52.92,71.58,9.65,5.69,4.87,23.87,27.57,8.39,11.87,24.88,33.07,18.81,50.33,24.19,52.72
Assam,Urban,87.87,21.29,99.0,92.31,69.72,85.49,50.11,87.47,92.62,49.02,53.24,49.02,67.4,7.95,13.91,11.27,23.83,25.39,16.64,20.39,22.45,23.83,16.22,43.89,2.56,21.33
Assam,Rural,76.54,29.49,91.49,84.99,68.35,33.67,61.91,75.39,82.76,26.15,32.15,24.36,37.82,4.47,18.29,13.8,13.63,14.54,12.12,15.2,18.51,19.62,23.18,53.33,8.18,25.87
Assam,Total,78.19,28.31,92.57,86.04,68.55,42.13,59.99,77.2,84.31,29.57,35.46,28.21,42.26,4.85,17.64,13.41,15.16,16.22,12.8,15.98,19.1,20.26,22.1,51.82,7.31,25.14
Bihar,Urban,74.19,31.62,96.2,99.46,69.17,78.56,11.58,74.93,83.95,47.99,57.11,38.43,58.39,2.24,18.66,12.92,25.16,18.71,16.34,20.31,16.55,19.5,3.58,40.33,0.5,14.0
Bihar,Rural,58.73,37.24,96.27,99.15,45.68,30.25,15.09,54.54,77.01,25.21,38.9,17.0,39.43,2.43,26.88,23.76,14.16,13.6,12.03,15.36,15.8,18.11,5.25,50.68,0.42,15.82
Bihar,Total,61.1,36.35,96.26,99.2,49.4,37.79,14.55,57.78,78.5,28.83,42.8,20.6,43.63,2.41,25.56,21.53,15.93,14.66,12.71,16.24,15.92,18.36,4.98,48.79,0.43,15.49
Chandigarh,Urban,86.82,23.2,99.85,99.11,85.37,95.81,32.31,83.1,94.8,59.91,64.48,75.2,91.91,1.87,13.06,15.06,43.91,34.44,18.97,16.62,24.97,30.57,0.57,11.95,0.27,18.5
Chandigarh,Total,86.66,23.29,99.85,99.12,84.98,95.81,32.23,82.96,94.8,59.61,64.48,75.2,91.91,1.85,13.01,15.06,44.02,34.44,18.95,16.62,25.03,30.62,0.56,12.06,0.27,18.63
Chhattisgarh,Urban,80.3,23.2,99.46,98.59,88.15,80.23,68.81,85.26,90.27,52.39,52.19,44.45,75.4,5.68,15.97,11.08,23.14,22.4,12.12,12.76,23.53,27.84,9.39,33.42,1.26,28.55
Chhattisgarh,Rural,66.06,26.04,98.6,94.67,73.5,19.22,72.09,71.3,86.33,32.05,38.14,20.78,50.42,3.56,25.33,19.35,11.25,12.66,8.07,10.25,23.59,27.66,19.63,45.98,6.05,36.69
Chhattisgarh,Total,69.28,25.41,98.79,95.54,76.76,33.0,71.35,74.62,87.26,36.89,41.45,26.69,56.32,3.98,23.08,17.41,14.11,14.94,9.01,10.83,23.58,27.7,17.27,43.11,4.95,34.83
Dadra and Nagar Haveli & Daman and Diu,Urban,85.76,24.36,99.86,97.88,68.5,95.16,39.5,87.69,95.44,48.6,58.77,49.42,76.21,1.21,20.74,19.16,34.04,27.57,13.96,17.17,16.49,17.03,2.39,39.62,0.52,29.09
Dadra and Nagar Haveli & Daman and Diu,Rural,64.98,26.38,99.48,93.16,63.34,62.56,66.26,67.9,91.56,24.22,40.66,23.84,61.3,2.45,29.0,17.45,20.31,15.95,13.31,15.66,13.61,13.85,3.32,37.53,1.61,26.54
Dadra and Nagar Haveli & Daman and Diu,Total,74.4,25.43,99.66,95.37,65.76,79.94,51.99,77.26,93.43,35.75,49.4,36.7,68.34,1.85,25.07,18.25,26.84,21.37,13.6,16.39,14.91,15.39,2.9,38.56,1.11,27.8
Goa,Urban,90.24,19.78,100.0,98.96,88.99,98.8,65.07,92.64,94.93,73.01,74.96,78.05,86.1,2.24,13.05,9.33,38.11,32.46,20.6,23.01,27.55,25.93,2.42,19.45,5.62,38.23
Goa,Rural,87.17,18.09,100.0,97.81,86.35,93.12,67.46,93.43,98.5,69.31,79.39,68.28,76.6,3.63,14.99,18.39,33.12,32.75,21.13,25.93,27.36,28.24,2.83,16.34,5.3,34.92
Goa,Total,88.95,19.09,100.0,98.49,87.92,96.5,66.04,92.96,96.25,71.5,76.59,73.69,82.88,2.76,13.83,12.51,36.09,32.56,20.82,24.13,27.47,26.82,2.59,18.22,5.48,36.92
Gujarat,Urban,83.65,22.23,99.44,99.35,89.26,94.33,36.27,86.83,95.4,47.91,56.93,48.87,72.93,4.6,17.24,15.95,30.44,25.63,17.55,17.8,21.14,20.31,5.39,33.64,0.31,4.58
Gujarat,Rural,65.41,25.26,96.22,95.65,63.27,46.09,41.08,69.03,87.49,23.63,36.91,17.53,47.99,3.54,30.85,24.66,17.01,15.59,14.64,16.21,20.12,20.31,10.96,46.73,0.77,6.76
Gujarat,Total,72.88,24.01,97.55,97.18,74.02,66.85,39.01,76.45,90.91,33.76,45.57,30.8,58.89,3.93,25.15,20.88,22.64,19.94,15.84,16.9,20.55,20.31,8.65,41.09,0.58,5.82
Haryana,Urban,82.34,23.18,99.8,99.32,86.01,90.54,28.33,87.42,94.46,60.12,65.01,60.16,79.72,3.27,11.4,15.02,37.46,30.23,13.53,15.05,22.94,26.21,1.66,23.29,0.34,15.73
Haryana,Rural,69.61,26.32,99.53,98.23,84.55,42.64,24.2,78.75,93.01,44.14,60.75,42.8,68.83,3.33,16.93,14.31,30.85,27.4,11.16,12.64,20.08,24.56,2.98,32.05,0.24,16.24
Haryana,Total,73.8,25.29,99.62,98.59,85.03,59.51,25.65,81.67,93.48,49.53,62.15,48.39,72.41,3.31,15.09,14.54,33.05,28.32,11.93,13.46,21.01,25.12,2.54,29.08,0.28,16.07
Himachal Pradesh,Urban,92.43,20.73,98.95,98.37,85.0,94.69,37.06,95.01,91.68,79.78,78.69,78.88,83.7,5.38,9.75,6.55,38.31,35.74,15.39,18.29,22.1,29.12,1.22,25.37,0.3,30.4
Himachal Pradesh,Rural,79.33,21.96,99.54,95.86,81.27,44.45,34.09,91.23,95.44,63.78,70.09,45.23,65.07,5.7,14.54,12.69,29.24,29.75,13.67,14.16,22.23,23.61,1.72,33.44,0.68,32.13
Himachal Pradesh,Total,80.95,21.8,99.47,96.19,81.75,51.73,34.52,91.73,94.91,65.89,71.31,49.67,67.9,5.66,13.91,11.82,30.43,30.6,13.88,14.72,22.21,24.36,1.66,32.31,0.64,31.89
Jammu & Kashmir,Urban,75.98,21.13,99.94,98.33,85.64,95.75,19.2,84.32,91.77,65.11,73.84,55.02,79.37,10.78,3.65,2.5,33.36,40.83,9.2,8.05,21.16,20.1,1.81,31.96,0.14,7.66
Jammu & Kashmir,Rural,67.94,25.17,99.02,89.64,72.26,58.89,10.15,74.71,91.42,46.22,66.04,38.9,68.78,9.25,5.79,5.0,27.88,28.18,8.56,8.01,19.56,18.54,4.23,40.62,0.24,9.2
Jammu & Kashmir,Total,70.07,24.12,99.26,91.89,75.73,69.19,12.68,77.27,91.52,51.25,68.21,43.34,71.95,9.61,5.23,4.32,29.33,31.63,8.73,8.02,19.99,18.94,3.57,38.3,0.21,8.79
Jharkhand,Urban,78.68,25.23,99.02,94.63,75.88,70.97,41.57,82.37,94.12,54.4,66.15,57.78,70.84,2.78,17.28,12.14,21.59,21.7,12.46,15.83,20.13,25.28,4.81,37.24,1.97,24.58
Jharkhand,Rural,60.18,33.19,92.92,84.12,50.81,19.49,53.08,59.34,80.26,26.29,39.39,22.69,53.19,2.82,29.16,18.86,8.61,12.75,9.46,13.43,17.03,21.63,9.58,51.01,7.42,38.68
Jharkhand,Total,64.5,31.33,94.34,86.57,56.65,31.89,50.31,65.01,84.0,33.22,46.6,31.44,57.95,2.81,26.2,17.08,11.85,15.12,10.19,14.07,17.78,22.6,8.42,47.39,6.09,34.96
Karnataka,Urban,81.96,22.41,99.26,97.26,84.39,94.51,28.23,85.09,90.48,62.3,64.79,50.11,71.46,3.76,12.94,11.48,37.05,39.42,16.15,18.0,27.43,29.24,4.58,21.47,0.88,15.27
Karnataka,Rural,67.02,23.23,99.03,94.07,68.5,69.33,28.02,70.95,87.03,41.97,50.64,24.76,55.57,2.86,19.93,16.23,25.59,25.04,12.58,14.06,23.43,25.46,11.1,30.76,0.97,17.35
Karnataka,Total,72.95,22.9,99.12,95.33,74.78,79.73,28.11,76.69,88.47,50.22,56.54,34.98,62.4,3.18,17.15,14.31,30.14,30.85,13.95,15.55,24.97,26.88,8.53,27.06,0.94,16.52
Kerala,Urban,96.98,20.67,99.9,96.38,98.95,78.49,47.18,99.13,99.17,78.78,76.83,64.91,78.31,3.78,9.74,6.9,40.41,40.05,24.83,27.41,30.74,32.62,1.3,13.96,0.18,18.67
Kerala,Rural,94.11,20.52,99.34,93.58,98.48,66.3,55.41,97.47,97.39,75.29,70.18,57.54,74.23,4.2,10.39,12.74,36.03,33.17,24.81,26.67,31.01,32.89,2.97,19.57,0.3,20.98
Kerala,Total,95.5,20.59,99.61,94.92,98.71,72.07,51.51,98.27,98.21,76.97,73.25,61.11,76.05,4.0,10.08,10.04,38.12,36.35,24.82,27.02,30.88,32.76,2.17,16.9,0.24,19.88
Ladakh,Urban,68.71,22.86,99.13,97.24,74.66,97.15,26.72,77.65,91.87,53.79,64.1,66.52,82.94,17.01,3.73,2.65,28.48,43.4,6.42,5.4,13.48,14.5,3.47,39.82,5.31,21.06
Ladakh,Rural,67.77,22.78,99.54,86.69,34.78,71.31,12.1,76.6,94.17,49.16,74.76,53.98,64.25,12.36,4.51,2.0,28.19,36.36,6.75,8.94,16.26,18.11,3.08,34.77,3.39,24.16
Ladakh,Total,67.95,22.79,99.46,88.68,42.32,76.26,14.9,76.8,93.73,50.04,72.71,56.39,67.8,13.36,4.36,2.13,28.25,37.75,6.69,8.27,15.74,17.43,3.16,35.71,3.76,23.58
Lakshadweep,Urban,91.93,21.7,99.72,94.62,99.74,68.48,58.4,96.4,100.0,68.24,84.92,61.79,81.45,10.03,6.72,2.41,34.23,41.95,19.88,22.91,26.47,25.86,16.6,25.9,0.28,0.44
Lakshadweep,Rural,96.9,24.6,100.0,86.69,100.0,24.7,66.71,96.82,96.32,66.28,69.41,36.01,76.98,11.75,12.41,14.11,31.04,39.35,18.26,12.98,18.4,20.73,21.09,37.77,0.39,0.46
Lakshadweep,Total,92.98,22.34,99.78,92.88,99.8,59.43,60.11,96.5,99.05,67.79,80.92,56.35,80.3,10.49,7.98,5.48,33.52,41.27,19.54,20.71,24.81,24.74,17.53,28.49,0.3,0.44
Madhya Pradesh,Urban,80.51,23.85,99.43,97.87,81.15,84.28,41.41,83.32,92.34,49.06,53.12,46.47,72.71,1.84,17.07,17.73,25.98,25.65,11.17,13.08,22.5,25.92,6.48,35.34,0.47,13.23
Madhya Pradesh,Rural,62.64,27.52,98.04,85.7,59.21,23.55,36.8,63.3,82.62,21.71,34.97,20.08,49.34,2.09,25.16,21.84,13.04,12.09,9.37,11.9,19.86,21.5,11.63,50.75,1.21,18.63
Madhya Pradesh,Total,67.45,26.54,98.41,88.95,65.07,40.05,38.05,68.85,85.27,29.29,39.93,26.91,55.72,2.03,22.95,20.78,16.58,15.57,9.84,12.21,20.56,22.65,10.23,46.45,1.0,17.12
Maharastra,Urban,87.17,21.88,99.05,99.3,75.06,95.62,20.11,90.17,94.59,61.13,68.28,54.34,76.77,5.22,15.8,15.29,29.58,28.86,14.57,15.27,23.83,25.66,6.63,26.19,0.34,13.02
Maharastra,Rural,73.14,23.57,96.74,88.48,69.39,65.36,19.85,79.51,91.48,40.72,54.27,23.71,47.2,3.36,24.95,16.86,18.29,21.34,10.69,12.43,22.6,23.5,14.67,40.57,0.52,14.73
Maharastra,Total,79.61,22.79,97.81,93.49,72.02,79.72,19.97,84.58,92.97,50.44,61.0,38.04,61.49,4.1,20.78,16.16,23.43,24.66,12.37,13.63,23.14,24.41,10.94,33.8,0.43,13.93
Manipur,Urban,88.38,25.52,99.06,90.39,60.61,86.38,12.26,92.05,96.89,60.04,66.87,50.77,81.45,2.93,6.11,7.58,38.95,33.38,16.01,19.21,25.99,37.53,37.74,51.42,0.98,34.64
Manipur,Rural,81.18,29.47,97.48,68.91,67.45,60.69,15.31,84.84,94.03,40.6,52.74,40.39,68.17,3.55,7.93,8.31,30.98,27.91,12.06,14.74,21.11,30.44,46.56,62.4,0.84,39.24
Manipur,Total,83.96,27.97,98.08,77.06,64.85,70.43,14.15,87.62,95.24,48.08,58.74,44.76,73.87,3.35,7.23,8.0,34.06,30.25,13.6,16.47,23.01,33.19,43.1,58.12,0.89,37.45
Meghalaya,Urban,94.71,29.68,97.25,93.58,81.3,76.73,52.81,97.05,92.9,61.38,63.94,57.77,59.15,4.19,10.18,8.61,17.85,30.15,10.29,15.99,24.63,28.49,27.2,47.0,0.97,28.45
Meghalaya,Rural,83.35,39.21,90.61,75.57,83.28,21.72,66.48,85.53,81.52,27.34,27.69,27.95,38.53,4.0,11.02,9.08,9.73,10.6,9.26,13.38,17.14,19.85,28.52,60.64,1.63,33.45
Meghalaya,Total,85.85,37.3,91.94,79.18,82.88,33.68,63.51,88.17,83.72,35.13,34.7,34.72,42.11,4.02,10.84,9.0,11.48,13.87,9.48,13.85,18.72,21.41,28.21,57.68,1.47,32.37
Mizoram,Urban,97.59,24.68,99.56,98.42,97.06,97.85,41.23,99.14,99.24,62.33,59.08,83.75,92.72,12.12,4.18,2.63,29.74,38.26,14.96,16.4,20.99,28.73,56.59,69.52,0.99,22.76
Mizoram,Rural,87.46,30.54,96.43,92.58,93.19,66.4,52.79,87.67,94.22,32.7,35.85,47.98,63.88,8.14,6.76,7.99,16.92,24.23,12.33,14.34,13.49,21.11,68.52,77.43,0.82,25.19
Mizoram,Total,93.22,27.3,98.16,95.81,95.33,83.77,46.4,94.35,97.07,49.95,49.05,67.58,79.74,10.04,5.29,5.07,24.22,31.88,13.8,15.44,17.69,25.2,61.58,72.94,0.92,23.81
Nagaland,Urban,92.08,22.09,99.63,93.52,82.18,81.06,14.98,91.52,97.73,63.73,75.64,66.54,80.98,4.83,11.56,7.43,17.13,31.01,9.32,13.38,19.91,25.98,16.0,47.37,1.49,26.77
Nagaland,Rural,81.9,25.88,98.03,89.84,90.36,24.87,23.07,82.74,90.7,34.05,39.84,40.26,55.17,4.94,10.77,7.49,12.97,19.75,9.23,11.94,23.56,30.11,12.59,48.87,0.67,22.49
Nagaland,Total,85.21,24.65,98.55,91.03,87.72,43.0,20.46,85.8,93.29,44.41,53.06,49.91,64.59,4.91,11.05,7.47,14.44,23.92,9.26,12.43,22.36,28.7,13.7,48.36,0.94,23.95
NCT of Delhi,Urban,83.8,24.3,99.87,99.47,80.97,98.97,24.98,84.92,92.24,59.52,60.74,63.72,85.14,4.02,10.08,9.22,41.24,37.9,12.28,14.03,24.23,32.79,2.19,26.18,0.47,21.6
NCT of Delhi,Rural,82.64,25.6,99.94,97.96,87.27,97.64,27.09,89.02,93.47,68.74,70.1,69.18,87.42,4.54,6.77,2.23,44.58,43.68,10.75,14.8,20.24,30.95,3.42,32.07,0.26,22.87
NCT of Delhi,Total,83.77,24.33,99.87,99.44,81.12,98.94,25.02,85.02,92.26,59.73,60.87,63.8,85.17,4.04,10.0,9.11,41.32,37.99,12.24,14.05,24.13,32.75,2.21,26.31,0.46,21.63
Odisha,Urban,83.1,22.0,99.1,97.27,72.28,76.85,29.5,83.91,90.66,47.87,46.03,39.74,64.19,5.48,12.62,10.87,40.09,32.23,17.39,20.34,24.53,29.26,16.63,40.51,1.39,22.74
Odisha,Rural,69.09,25.55,96.57,89.77,58.02,26.13,51.72,69.22,86.1,29.63,36.58,21.33,47.15,3.16,22.63,16.45,19.2,19.73,13.29,16.37,21.94,24.86,27.95,54.08,4.94,30.18
Odisha,Total,71.5,24.94,97.01,91.06,60.47,34.74,47.94,71.92,87.06,32.98,38.56,24.9,50.72,3.48,20.82,15.34,22.97,22.21,13.97,17.03,22.37,25.61,25.98,51.59,4.32,28.82
Puducherry,Urban,87.65,20.69,99.95,99.91,89.81,95.75,30.0,92.07,93.43,68.85,77.99,66.9,85.05,2.68,7.55,11.21,47.62,43.6,21.24,23.24,24.3,31.05,1.2,13.76,0.14,26.72
Puducherry,Rural,78.04,19.71,99.69,99.93,73.96,84.63,30.46,89.07,97.47,57.77,64.48,50.37,69.41,6.52,11.98,10.74,43.17,42.54,17.81,18.33,20.19,27.99,5.61,17.29,0.52,30.05
Puducherry,Total,84.62,20.39,99.87,99.92,84.93,92.34,30.14,91.14,94.55,65.41,74.24,61.94,80.71,3.79,8.97,11.08,46.2,43.29,20.14,21.73,22.99,30.11,2.58,14.84,0.26,27.74
Punjab,Urban,82.66,20.98,99.75,99.44,87.77,93.76,27.52,83.65,91.26,62.37,62.92,64.12,85.55,4.44,11.88,11.17,44.28,35.18,15.53,15.87,30.77,36.52,0.5,12.04,0.29,19.72
Punjab,Rural,73.81,22.65,99.64,98.48,85.93,65.58,23.64,80.04,88.93,52.21,55.71,48.75,73.04,3.99,13.13,13.45,38.83,30.2,14.3,13.04,31.43,38.42,0.34,13.37,0.35,24.81
Punjab,Total,77.15,22.02,99.68,98.84,86.63,76.66,25.16,81.4,89.89,56.02,58.67,54.81,78.18,4.14,12.68,12.52,40.81,32.24,14.74,14.07,31.19,37.73,0.4,12.85,0.33,22.84
Rajasthan,Urban,76.88,24.86,99.68,99.06,87.23,87.84,80.04,81.32,92.52,51.24,62.16,56.12,81.69,3.9,14.01,10.97,20.58,19.07,7.87,9.57,16.86,19.22,5.92,33.25,0.31,9.29
Rajasthan,Rural,59.42,29.38,97.66,95.63,66.05,26.19,90.39,61.63,90.06,27.8,48.35,30.76,59.38,3.1,21.32,15.01,10.45,13.56,7.03,8.73,14.88,17.42,7.2,44.93,0.34,11.62
Rajasthan,Total,63.5,28.31,98.14,96.45,71.07,41.38,87.84,66.37,90.7,33.44,51.93,36.88,65.17,3.26,19.55,13.97,12.9,14.97,7.23,8.94,15.35,17.88,6.89,41.97,0.33,11.03
Sikkim,Urban,90.26,19.24,99.52,97.55,83.97,97.54,31.22,92.77,96.85,60.2,70.72,89.99,94.18,3.48,6.05,5.81,40.97,40.11,14.63,16.19,32.32,38.57,7.89,38.01,12.73,37.57
Sikkim,Rural,79.47,19.68,99.14,89.86,89.33,64.38,21.64,86.24,90.34,41.24,44.24,68.08,69.48,12.17,5.59,4.39,30.75,33.91,10.91,15.48,35.8,43.06,14.14,43.34,18.4,41.09
Sikkim,Total,83.73,19.51,99.29,92.82,87.26,78.4,25.69,88.92,92.98,49.01,54.98,76.71,78.22,9.62,5.77,4.94,34.71,36.32,12.2,15.7,34.53,41.58,11.67,41.31,16.16,39.75
Tamil Nadu,Urban,86.82,20.03,99.62,99.06,82.83,92.91,61.12,90.6,94.24,63.72,64.35,55.84,76.05,5.05,9.65,11.31,46.08,43.14,23.76,23.67,26.41,31.47,2.32,16.7,0.22,21.52
Tamil Nadu,Rural,74.51,21.92,99.09,98.14,63.27,73.65,71.41,81.5,92.55,49.92,54.3,39.2,64.88,3.68,15.19,12.75,35.41,31.6,18.01,20.61,23.4,28.97,7.31,23.31,0.4,29.16
Tamil Nadu,Total,80.35,21.02,99.34,98.58,72.62,82.87,66.48,85.89,93.36,56.57,59.11,46.92,70.23,4.27,12.57,12.07,40.44,37.02,20.65,22.06,24.79,30.15,4.93,20.06,0.32,25.4
Telangana,Urban,75.88,23.37,99.84,99.36,81.84,98.22,52.87,80.96,90.18,60.88,70.97,43.91,72.33,4.16,13.48,15.24,41.7,40.19,18.35,21.38,29.08,36.75,2.63,15.2,2.58,33.94
Telangana,Rural,52.35,22.01,99.44,98.35,72.88,88.25,65.03,58.1,81.25,36.33,54.58,15.78,46.65,3.02,21.62,16.77,23.83,28.11,13.02,16.63,24.67,28.94,7.23,26.51,9.03,48.97
Telangana,Total,60.94,22.52,99.59,98.73,76.24,91.76,60.75,66.64,84.83,45.5,61.16,26.49,57.36,3.41,18.77,16.23,30.09,32.33,14.74,18.11,26.09,31.39,5.57,22.26,6.71,43.33
Tripura,Urban,89.14,19.58,99.42,98.17,78.52,75.39,24.85,89.94,93.53,36.57,39.73,36.62,46.98,9.33,14.6,13.23,29.16,28.27,21.08,21.19,26.41,27.32,46.1,51.56,0.84,26.87
Tripura,Rural,78.87,25.38,97.7,83.95,71.6,32.58,36.48,76.88,86.03,17.89,25.06,17.66,45.15,7.8,16.87,12.09,18.44,21.39,16.29,18.5,18.56,20.58,52.16,59.28,8.41,35.85
Tripura,Total,81.76,23.72,98.19,87.99,73.57,45.34,33.01,80.61,88.23,23.23,29.37,22.93,45.71,8.16,16.22,12.43,21.54,23.43,17.7,19.33,20.87,22.67,50.38,56.92,6.19,33.11
Uttar Pradesh,Urban,76.17,26.71,97.56,99.42,80.89,88.3,16.82,78.6,87.95,51.87,56.79,50.21,72.41,3.59,13.62,13.44,30.59,24.87,11.32,13.16,20.89,24.82,6.45,34.71,0.25,13.19
Uttar Pradesh,Rural,64.6,32.36,88.92,99.08,64.8,36.22,15.54,65.55,86.25,35.04,45.58,24.48,54.17,2.94,20.75,19.53,18.34,16.22,9.57,11.05,17.57,20.68,9.07,47.56,0.3,15.05
Uttar Pradesh,Total,67.41,30.98,91.04,99.16,68.75,49.52,15.87,68.83,86.71,39.27,48.62,30.58,59.12,3.07,19.0,17.93,21.34,18.5,9.97,11.56,18.35,21.7,8.41,44.1,0.29,14.55
Uttarakhand,Urban,82.4,24.74,99.65,99.62,81.04,92.86,61.61,85.27,92.4,59.38,62.19,58.42,82.12,4.42,11.57,20.66,39.09,31.43,14.01,16.33,25.35,34.77,2.75,27.62,0.3,21.72
Uttarakhand,Rural,72.03,27.05,99.56,94.18,77.67,42.9,62.91,79.78,93.16,45.98,58.7,39.35,71.16,3.91,14.91,14.12,25.41,25.03,9.56,13.34,21.95,30.48,5.43,36.77,0.35,27.49
Uttarakhand,Total,75.21,26.31,99.59,95.92,78.75,59.17,62.49,81.57,92.92,50.36,59.79,45.12,74.59,4.07,13.86,16.21,29.73,27.07,10.84,14.25,22.94,31.8,4.59,33.66,0.33,25.53
West Bengal,Urban,84.12,20.19,99.28,98.62,74.96,80.31,25.87,83.37,89.76,47.59,51.4,48.12,64.55,6.04,9.46,11.51,27.85,20.02,19.44,23.11,21.53,22.26,7.99,44.66,0.78,18.88
West Bengal,Rural,73.25,25.1,96.64,96.89,64.72,20.48,31.03,72.54,77.83,25.88,26.87,13.98,38.31,3.6,17.4,16.79,20.26,14.45,16.53,20.4,19.94,19.02,12.25,49.93,1.28,17.66
West Bengal,Total,76.79,23.5,97.49,97.45,68.03,40.22,29.33,76.06,81.62,32.94,34.65,25.46,46.71,4.25,14.81,15.14,22.73,16.19,17.49,21.31,20.46,20.12,10.84,48.14,1.11,18.08
